{
  "apr14-21": {
    "yes": 0.0005,
    "no": 0.9995,
    "source": "html_fallback",
    "fetched_at": 1776694875.94109
  },
  "apr17-24": {
    "yes": 0.0005,
    "no": 0.9995,
    "source": "html_fallback",
    "fetched_at": 1776694883.5787003
  },
  "may2026": {
    "yes": 0.0015,
    "no": 0.9985,
    "source": "html_fallback",
    "fetched_at": 1776694894.98321
  }
}