{
  "apr14-21": {
    "yes": null,
    "no": null,
    "raw_prices": [],
    "fetched_at": 1776615539.767714
  },
  "apr17-24": {
    "yes": null,
    "no": null,
    "raw_prices": [],
    "fetched_at": 1776615550.6470037
  },
  "may2026": {
    "yes": null,
    "no": null,
    "raw_prices": [],
    "fetched_at": 1776615561.4620595
  }
}